first_name,second_name,element_type,total_points,goals_scored,assists,minutes,goals_conceded,creativity,influence,threat,bonus,ict_index,clean_sheets,cards_per_90,points_per_90
Granit,Xhaka,MID,153,7,8,2992,35,673.3,647.0,498.0,15,182.0,13,0.12,4.6
Mohamed,Elneny,MID,6,0,0,111,2,5.4,4.6,0.0,0,1.1,0,0.0,0.0
Rob,Holding,DEF,21,1,0,562,13,10.3,152.0,54.0,0,21.6,0,0.0,3.36
Thomas,Partey,MID,86,3,0,2480,28,439.6,513.2,240.0,6,119.5,11,0.18,3.12
Martin,Ødegaard,MID,212,15,8,3132,38,1100.4,960.0,920.0,30,298.3,13,0.11,6.09
Kieran,Tierney,DEF,37,0,1,774,10,85.5,144.0,67.0,0,29.9,1,0.0,4.3
Nicolas,Pépé,MID,0,0,0,0,0,0.0,0.0,0.0,0,0.0,0,0.0,0.0
Benjamin,White,DEF,156,2,5,3054,35,491.2,649.0,159.0,12,130.0,15,0.15,4.6
Eddie,Nketiah,FWD,63,4,2,1071,16,128.2,213.4,598.0,5,93.1,2,0.25,5.29
Emile,Smith Rowe,MID,18,0,2,161,5,64.3,36.6,39.0,0,13.8,0,0.0,0.0
Bukayo,Saka,MID,202,14,12,3183,42,1091.8,972.2,1164.0,19,322.8,12,0.17,5.71
Takehiro,Tomiyasu,DEF,32,0,1,651,11,86.6,137.0,55.0,0,27.7,2,0.28,4.42
Aaron,Ramsdale,GK,143,0,0,3420,43,0.0,761.4,0.0,9,76.2,14,0.03,3.76
Gabriel,dos Santos Magalhães,DEF,146,3,0,3409,43,129.7,733.8,401.0,15,126.5,14,0.13,3.85
Nuno,Varela Tavares,DEF,0,0,0,0,0,0.0,0.0,0.0,0,0.0,0,0.0,0.0
Gabriel,Martinelli Silva,MID,198,15,9,2789,33,838.1,844.2,1300.0,18,298.1,14,0.1,6.39
Pablo,Marí Villar,DEF,0,0,0,0,0,0.0,0.0,0.0,0,0.0,0,0.0,0.0
Lucas,Torreira di Pascua,MID,0,0,0,0,0,0.0,0.0,0.0,0,0.0,0,0.0,0.0
Reiss,Nelson,MID,42,3,3,202,3,99.2,169.8,155.0,5,42.4,1,0.0,0.0
Matt,Turner,GK,0,0,0,0,0,0.0,0.0,0.0,0,0.0,0,0.0,0.0
Fábio,Ferreira Vieira,MID,40,1,2,500,5,180.1,115.2,123.0,2,41.4,2,0.0,7.2
William,Saliba,DEF,117,2,1,2415,25,100.8,529.0,114.0,14,74.5,12,0.15,4.36
Marcus,Oliveira Alencar,MID,1,0,0,1,0,0.2,0.0,0.0,0,0.0,0,0.0,0.0
Gabriel,Fernando de Jesus,FWD,125,11,7,2064,23,407.3,594.2,1282.0,17,228.3,9,0.26,5.45
Leandro,Trossard,MID,154,8,13,2237,38,687.1,620.0,859.0,8,216.6,8,0.04,6.2
Jorge Luiz,Frello Filho,MID,79,2,2,2127,23,254.1,386.4,97.0,5,73.9,9,0.17,3.34
Oleksandr,Zinchenko,DEF,99,1,2,2122,28,387.7,405.0,190.0,8,98.3,10,0.13,4.2
Matthew,Smith,MID,0,0,0,0,0,0.0,0.0,0.0,0,0.0,0,0.0,0.0
Ethan,Nwaneri,MID,1,0,0,1,0,0.0,0.0,0.0,0,0.0,0,0.0,0.0
Lino,Sousa,DEF,0,0,0,0,0,0.0,0.0,0.0,0,0.0,0,0.0,0.0
Karl,Hein,GK,0,0,0,0,0,0.0,0.0,0.0,0,0.0,0,0.0,0.0
Amario,Cozier-Duberry,MID,0,0,0,0,0,0.0,0.0,0.0,0,0.0,0,0.0,0.0
Nathan,Butler-Oyedeji,FWD,0,0,0,0,0,0.0,0.0,0.0,0,0.0,0,0.0,0.0
Jakub,Kiwior,DEF,26,1,0,425,6,4.1,53.6,4.0,1,6.3,2,0.0,5.51
Reuell,Walters,DEF,0,0,0,0,0,0.0,0.0,0.0,0,0.0,0,0.0,0.0
Mauro,Bandeira,MID,0,0,0,0,0,0.0,0.0,0.0,0,0.0,0,0.0,0.0
Philippe,Coutinho Correia,MID,32,1,0,777,9,152.5,119.2,218.0,1,48.8,3,0.35,3.71
Emiliano,Martínez Romero,GK,135,0,0,3139,38,23.0,813.0,0.0,15,83.5,11,0.2,3.87
Calum,Chambers,DEF,13,0,0,345,4,29.8,74.4,8.0,0,11.1,0,0.52,3.39
Lucas,Digne,DEF,50,1,0,1492,25,293.3,271.4,92.0,4,65.8,3,0.3,3.02
Bertrand,Traoré,MID,20,2,0,226,1,30.7,82.0,79.0,1,19.0,1,0.0,0.0
Robin,Olsen,GK,10,0,0,280,8,0.0,83.2,0.0,1,8.2,1,0.0,3.21
Morgan,Sanson,MID,2,0,0,10,1,0.5,4.2,0.0,0,0.4,0,0.0,0.0
John,McGinn,MID,90,1,5,2692,31,349.2,375.0,326.0,3,105.1,10,0.23,3.01
Kortney,Hause,DEF,0,0,0,0,0,0.0,0.0,0.0,0,0.0,0,0.0,0.0
Tyrone,Mings,DEF,130,1,3,3150,40,87.7,657.2,121.0,17,87.0,12,0.2,3.71
Ollie,Watkins,FWD,175,15,8,3129,40,408.5,792.0,1268.0,25,247.0,13,0.12,5.03
Marvelous,Nakamba,MID,0,0,0,0,0,0.0,0.0,0.0,0,0.0,0,0.0,0.0
Emiliano,Buendía Stati,MID,117,5,3,2404,34,546.3,438.2,580.0,8,156.6,11,0.0,4.38
Matty,Cash,DEF,57,0,2,1817,29,178.0,298.4,67.0,3,54.4,4,0.2,2.82
Ezri,Konsa Ngoyo,DEF,110,0,0,3322,45,116.1,560.4,72.0,6,74.9,12,0.16,2.98
Leon,Bailey,MID,100,4,5,1964,32,439.1,334.2,532.0,6,130.1,8,0.18,4.58
Douglas Luiz,Soares de Paulo,MID,142,6,7,2922,35,655.4,661.6,242.0,17,155.8,13,0.22,4.37
Jacob,Ramsey,MID,135,6,8,2634,33,496.7,607.2,424.0,13,152.8,11,0.17,4.61
Tim,Iroegbunam,MID,0,0,0,0,0,0.0,0.0,0.0,0,0.0,0,0.0,0.0
Diego Carlos,Santos Silva,DEF,4,0,0,205,3,13.2,24.8,32.0,0,7.0,0,0.0,0.0
Anwar,El Ghazi,MID,0,0,0,0,0,0.0,0.0,0.0,0,0.0,0,0.0,0.0
Keinan,Davis,FWD,0,0,0,0,0,0.0,0.0,0.0,0,0.0,0,0.0,0.0
Boubacar,Kamara,MID,44,0,1,1773,30,123.4,275.8,39.0,0,43.9,3,0.2,2.23
Cameron,Archer,FWD,6,0,0,43,1,2.4,1.8,6.0,0,0.9,0,0.0,0.0
Jaden,Philogene-Bidace,MID,0,0,0,0,0,0.0,0.0,0.0,0,0.0,0,0.0,0.0
Frédéric,Guilbert,DEF,0,0,0,0,0,0.0,0.0,0.0,0,0.0,0,0.0,0.0
Leander,Dendoncker,MID,37,0,0,897,14,96.1,143.4,64.0,0,30.6,4,0.0,3.71
Ludwig,Augustinsson,DEF,2,0,0,76,0,1.9,5.6,35.0,0,4.2,0,0.0,0.0
Kaine,Kesler Hayden,DEF,0,0,0,0,0,0.0,0.0,0.0,0,0.0,0,0.0,0.0
Ashley,Young,DEF,87,1,0,2031,28,223.4,380.2,81.0,8,68.7,9,0.31,3.86
Lamare,Bogarde,DEF,0,0,0,0,0,0.0,0.0,0.0,0,0.0,0,0.0,0.0
Filip,Marschall,GK,0,0,0,0,0,0.0,0.0,0.0,0,0.0,0,0.0,0.0
Kadan,Young,MID,0,0,0,0,0,0.0,0.0,0.0,0,0.0,0,0.0,0.0
Alexandre,Moreno Lopera,DEF,72,0,3,1325,10,321.1,254.4,151.0,5,72.3,7,0.2,4.89
Viljami,Sinisalo,GK,0,0,0,0,0,0.0,0.0,0.0,0,0.0,0,0.0,0.0
Jhon,Durán,FWD,11,0,0,126,4,13.4,12.8,51.0,0,7.4,0,0.0,0.0
Sil,Swinkels,DEF,0,0,0,0,0,0.0,0.0,0.0,0,0.0,0,0.0,0.0
Oliwier,Zych,GK,0,0,0,0,0,0.0,0.0,0.0,0,0.0,0,0.0,0.0
James,Wright,GK,0,0,0,0,0,0.0,0.0,0.0,0,0.0,0,0.0,0.0
Sebastian,Revan,DEF,0,0,0,0,0,0.0,0.0,0.0,0,0.0,0,0.0,0.0
Travis,Patterson,MID,0,0,0,0,0,0.0,0.0,0.0,0,0.0,0,0.0,0.0
Tommi,O'Reilly,MID,0,0,0,0,0,0.0,0.0,0.0,0,0.0,0,0.0,0.0
Adam,Smith,DEF,74,0,1,2940,58,261.6,406.2,88.0,5,75.7,7,0.34,2.27
Junior,Stanislas,MID,4,0,0,58,1,22.9,10.0,7.0,0,3.9,0,0.0,0.0
Ryan,Fredericks,DEF,12,0,0,527,11,26.7,66.0,12.0,0,10.6,0,0.17,2.05
David,Brooks,MID,5,0,0,170,4,16.4,13.6,31.0,0,6.0,0,0.0,0.0
Jamal,Lowe,MID,2,0,0,11,0,0.3,0.2,0.0,0,0.1,0,0.0,0.0
Kieffer,Moore,FWD,57,4,0,1269,34,89.6,216.2,272.0,3,57.3,3,0.07,4.04
Emiliano,Marcondes,MID,1,0,0,8,1,0.0,1.2,0.0,0,0.1,0,0.0,0.0
Jefferson,Lerma Solís,MID,101,5,0,3252,67,293.6,616.6,311.0,5,122.1,7,0.19,2.8
Jack,Stacey,DEF,6,0,0,293,10,8.6,44.2,8.0,0,6.0,0,0.61,1.84
Dominic,Solanke,FWD,130,6,10,2865,52,279.9,524.8,1046.0,14,184.4,8,0.06,4.08
Lewis,Cook,MID,51,0,2,1712,39,352.5,313.0,45.0,1,71.2,3,0.21,2.68
Ben,Pearson,MID,9,0,0,282,10,6.4,21.0,9.0,0,3.7,1,0.32,2.87
Ryan,Christie,MID,64,1,2,1825,35,421.7,282.0,400.0,2,110.5,3,0.1,3.16
Philip,Billing,MID,126,7,2,2766,54,388.8,622.0,441.0,14,145.2,9,0.16,4.1
Chris,Mepham,DEF,43,0,0,2197,52,54.4,556.4,134.0,6,74.4,5,0.29,1.76
Mark,Travers,GK,28,0,0,1035,32,0.0,253.0,0.0,1,25.4,2,0.0,2.43
Lloyd,Kelly,DEF,60,0,2,2040,38,97.7,394.0,26.0,5,52.1,5,0.13,2.65
Siriki,Dembélé,MID,6,0,0,104,2,52.3,31.8,28.0,0,11.3,0,0.0,0.0
Jaidon,Anthony,MID,61,3,1,1241,29,209.1,299.4,263.0,4,77.2,2,0.15,4.42
Jordan,Zemura,DEF,47,0,1,1452,31,232.8,269.4,71.0,1,57.1,5,0.06,2.91
Will,Dennis,GK,0,0,0,0,0,0.0,0.0,0.0,0,0.0,0,0.0,0.0
Jack,Stephens,DEF,35,0,0,1218,24,57.3,270.0,51.0,1,38.0,4,0.22,2.59
Joe,Rothwell,MID,33,0,1,1010,15,153.3,127.4,27.0,0,30.6,3,0.09,2.94
Marcus,Tavernier,MID,94,5,4,1740,37,348.4,459.8,436.0,12,124.2,5,0.05,4.86
James,Hill,DEF,0,0,0,0,0,0.0,0.0,0.0,0,0.0,0,0.0,0.0
Darren,Randolph,GK,0,0,0,0,0,0.0,0.0,0.0,0,0.0,0,0.0,0.0
Norberto,Murara Neto,GK,93,0,0,2385,39,0.0,727.6,0.0,9,72.8,6,0.15,3.51
Marcos,Senesi,DEF,69,2,0,2489,55,78.7,586.0,109.0,5,77.5,5,0.25,2.49
Christian,Saydee,FWD,0,0,0,0,0,0.0,0.0,0.0,0,0.0,0,0.0,0.0
Owen,Bevan,DEF,1,0,0,8,1,0.0,0.2,0.0,0,0.0,0,0.0,0.0
Cameron,Plain,GK,0,0,0,0,0,0.0,0.0,0.0,0,0.0,0,0.0,0.0
Daniel,Adu-Adjei,FWD,0,0,0,0,0,0.0,0.0,0.0,0,0.0,0,0.0,0.0
Michael,Dacosta Gonzalez,MID,0,0,0,0,0,0.0,0.0,0.0,0,0.0,0,0.0,0.0
Dominic,Sadi,FWD,0,0,0,0,0,0.0,0.0,0.0,0,0.0,0,0.0,0.0
Dango,Ouattara,MID,49,1,3,1239,23,261.0,276.8,274.0,4,81.0,1,0.07,3.56
Euan,Pollock,FWD,0,0,0,0,0,0.0,0.0,0.0,0,0.0,0,0.0,0.0
Antoine,Semenyo,FWD,18,1,0,250,6,26.5,50.0,32.0,1,10.7,0,0.0,0.0
Matías,Viña,DEF,28,2,0,452,10,28.1,156.4,92.0,0,27.7,1,0.2,5.58
Illia,Zabarnyi,DEF,7,0,0,297,5,0.9,41.2,0.0,0,4.1,0,0.0,2.12
Hamed,Traorè,MID,14,0,0,425,8,218.5,84.0,36.0,0,33.8,2,0.0,2.96
Ben,Greenwood,DEF,0,0,0,0,0,0.0,0.0,0.0,0,0.0,0,0.0,0.0
Max,Kinsey-Wellings,DEF,0,0,0,0,0,0.0,0.0,0.0,0,0.0,0,0.0,0.0
Pontus,Jansson,DEF,29,1,0,722,14,2.5,176.2,53.0,0,23.4,2,0.0,3.61
Christian,Nørgaard,MID,71,1,6,1763,23,173.7,379.2,269.0,6,82.3,6,0.31,3.62
Ivan,Toney,FWD,182,20,4,2953,42,424.3,926.8,1240.0,35,258.7,10,0.27,5.55
David,Raya Martin,GK,166,0,0,3420,46,20.1,1125.4,4.0,20,115.2,12,0.03,4.37
Sergi,Canós Tenés,DEF,5,0,0,73,2,13.5,7.0,6.0,0,2.8,0,0.0,0.0
Josh,Dasilva,MID,81,4,2,1371,17,206.1,304.2,182.0,3,69.2,5,0.07,5.32
Kristoffer,Ajer,DEF,29,0,0,763,14,24.7,96.8,27.0,0,15.1,4,0.0,3.42
Rico,Henry,DEF,112,0,3,3240,46,401.9,444.4,197.0,4,104.5,11,0.11,3.11
Vitaly,Janelt,MID,85,3,1,2201,28,246.1,411.2,223.0,5,88.1,8,0.12,3.48
Saman,Ghoddos,MID,15,0,0,124,5,62.8,27.2,21.0,0,11.1,0,0.0,0.0
Mathias,Jensen,MID,132,5,7,2805,40,787.9,644.0,208.0,11,164.1,10,0.16,4.24
Yoane,Wissa,MID,111,7,4,1587,17,184.5,363.8,414.0,6,95.5,7,0.17,6.29
Mads,Roerslev Rasmussen,DEF,48,0,0,1101,12,120.6,167.6,46.0,0,33.4,5,0.0,3.92
Mads,Bech Sørensen,DEF,4,0,0,18,0,0.2,2.6,0.0,0,0.2,0,0.0,0.0
Ethan,Pinnock,DEF,112,3,0,2700,34,104.9,751.6,279.0,6,113.8,10,0.0,3.73
Frank,Onyeka,MID,38,0,3,837,11,89.9,125.8,106.0,0,32.3,3,0.0,4.09
Shandon,Baptiste,MID,29,0,2,600,6,144.5,107.8,54.0,0,30.7,1,0.3,4.35
Bryan,Mbeumo,FWD,150,9,9,2905,39,766.3,662.4,866.0,19,229.3,10,0.15,4.65
Charlie,Goode,DEF,0,0,0,0,0,0.0,0.0,0.0,0,0.0,0,0.0,0.0
Marcus,Forss,FWD,0,0,0,0,0,0.0,0.0,0.0,0,0.0,0,0.0,0.0
Dominic,Thompson,DEF,0,0,0,0,0,0.0,0.0,0.0,0,0.0,0,0.0,0.0
Mads,Bidstrup,MID,0,0,0,0,0,0.0,0.0,0.0,0,0.0,0,0.0,0.0
Ellery,Balcombe,GK,0,0,0,0,0,0.0,0.0,0.0,0,0.0,0,0.0,0.0
Aaron,Hickey,DEF,63,0,3,1918,30,119.8,223.6,98.0,2,44.2,5,0.33,2.96
Keane,Lewis-Potter,MID,14,0,1,313,4,64.0,42.0,114.0,0,21.9,0,0.0,4.03
Thomas,Strakosha,GK,0,0,0,0,0,0.0,0.0,0.0,0,0.0,0,0.0,0.0
Ben,Mee,DEF,143,3,2,3269,40,92.0,761.4,307.0,11,116.3,12,0.06,3.94
Fin,Stevens,DEF,0,0,0,0,0,0.0,0.0,0.0,0,0.0,0,0.0,0.0
Halil,Dervişoğlu,FWD,4,0,1,6,0,0.0,0.0,10.0,0,1.0,0,0.0,0.0
Mikkel,Damsgaard,MID,33,0,0,970,14,161.0,137.4,146.0,0,44.5,3,0.37,3.06
Mathias,Jorgensen,DEF,45,0,1,1097,15,18.2,189.8,45.0,4,25.6,4,0.16,3.69
Ryan,Trevitt,MID,0,0,0,0,0,0.0,0.0,0.0,0,0.0,0,0.0,0.0
Matthew,Cox,GK,0,0,0,0,0,0.0,0.0,0.0,0,0.0,0,0.0,0.0
Tristan,Crama,DEF,0,0,0,0,0,0.0,0.0,0.0,0,0.0,0,0.0,0.0
Yegor,Yarmolyuk,MID,0,0,0,0,0,0.0,0.0,0.0,0,0.0,0,0.0,0.0
Kevin,Schade,MID,29,0,1,723,7,110.4,72.2,205.0,0,38.7,3,0.25,3.61
Michael,Olakigbe,MID,0,0,0,0,0,0.0,0.0,0.0,0,0.0,0,0.0,0.0
Adam,Lallana,MID,47,2,1,717,10,186.7,144.2,152.0,4,48.5,5,0.0,5.9
Jason,Steele,GK,65,0,1,1350,23,13.0,347.6,0.0,8,36.1,6,0.07,4.33
Danny,Welbeck,FWD,91,6,5,1844,28,390.6,378.2,782.0,5,155.4,6,0.0,4.44
Pascal,Groß,MID,159,9,8,3240,51,1215.4,888.4,578.0,14,268.6,11,0.19,4.42
Lewis,Dunk,DEF,112,1,1,3240,50,163.6,661.4,198.0,7,102.4,12,0.11,3.11
Solly,March,MID,147,6,10,2719,40,965.8,791.8,955.0,16,271.4,10,0.07,4.87
Adam,Webster,DEF,75,0,0,1983,27,104.0,354.0,126.0,3,58.4,9,0.09,3.4
Joël,Veltman,DEF,95,1,1,2183,29,200.8,406.2,162.0,6,77.2,10,0.25,3.92
Robert,Sánchez,GK,82,0,0,2070,30,0.1,439.0,0.0,10,43.9,6,0.09,3.57
Tariq,Lamptey,DEF,23,0,0,439,7,87.2,70.6,48.0,0,20.6,1,0.21,4.72
Steven,Alzate,MID,0,0,0,0,0,0.0,0.0,0.0,0,0.0,0,0.0,0.0
Alexis,Mac Allister,MID,140,10,2,2882,45,729.6,741.0,706.0,18,217.8,10,0.25,4.37
Jakub,Moder,MID,0,0,0,0,0,0.0,0.0,0.0,0,0.0,0,0.0,0.0
Enock,Mwepu,MID,11,0,1,209,4,39.0,48.8,34.0,0,12.2,0,0.0,0.0
Jeremy,Sarmiento Morante,MID,16,0,2,168,2,38.2,46.6,50.0,0,12.9,1,0.0,0.0
Moisés,Caicedo Corozo,MID,79,1,1,3138,47,668.6,582.2,210.0,0,146.3,10,0.29,2.27
Taylor,Richards,MID,0,0,0,0,0,0.0,0.0,0.0,0,0.0,0,0.0,0.0
Haydon,Roberts,DEF,0,0,0,0,0,0.0,0.0,0.0,0,0.0,0,0.0,0.0
Deniz,Undav,FWD,52,5,2,614,9,105.7,157.6,333.0,4,59.5,2,0.29,7.62
Kaoru,Mitoma,MID,138,7,9,2311,35,567.6,566.8,857.0,11,198.9,8,0.0,5.37
Julio,Enciso,FWD,57,4,3,794,12,161.0,255.8,370.0,7,78.5,4,0.11,6.46
Kacper,Kozłowski,MID,0,0,0,0,0,0.0,0.0,0.0,0,0.0,0,0.0,0.0
Billy,Gilmour,MID,21,0,1,502,8,56.5,67.6,33.0,0,15.8,2,0.18,3.76
Kjell,Scherpen,GK,0,0,0,0,0,0.0,0.0,0.0,0,0.0,0,0.0,0.0
Matt,Clarke,DEF,0,0,0,0,0,0.0,0.0,0.0,0,0.0,0,0.0,0.0
Jan Paul,van Hecke,DEF,6,0,0,291,7,5.5,62.8,10.0,0,7.9,0,0.62,1.86
Levi,Colwill,DEF,46,0,2,1218,21,100.7,222.0,50.0,6,37.4,3,0.07,3.4
Pervis,Estupiñán,DEF,128,1,7,2674,43,752.9,570.2,295.0,15,161.3,10,0.13,4.31
Evan,Ferguson,FWD,65,6,2,942,12,129.1,284.2,350.0,8,76.5,6,0.1,6.21
Ed,Turns,DEF,0,0,0,0,0,0.0,0.0,0.0,0,0.0,0,0.0,0.0
Andrew,Moran,MID,1,0,0,11,1,0.0,0.0,0.0,0,0.0,0,0.0,0.0
James,Furlong,DEF,0,0,0,0,0,0.0,0.0,0.0,0,0.0,0,0.0,0.0
Jack,Hinshelwood,MID,1,0,0,1,0,0.0,0.0,0.0,0,0.0,0,0.0,0.0
Facundo,Buonanotte,MID,26,1,1,558,12,96.1,87.8,102.0,2,27.8,1,0.32,4.19
Yasin,Ayari,MID,3,0,0,65,2,25.3,5.4,3.0,0,3.3,0,0.0,0.0
Odeluga,Offiah,DEF,1,0,0,23,3,1.5,6.2,0.0,0,0.8,0,0.0,0.0
Tom,McGill,GK,0,0,0,0,0,0.0,0.0,0.0,0,0.0,0,0.0,0.0
Cameron,Peupion,MID,1,0,0,5,2,0.3,0.0,5.0,0,0.5,0,0.0,0.0
Imari,Samuels,DEF,0,0,0,0,0,0.0,0.0,0.0,0,0.0,0,0.0,0.0
Carney,Chukwuemeka,MID,18,0,0,342,7,69.7,57.6,72.0,0,19.9,1,0.0,4.74
Marc,Cucurella Saseta,DEF,65,0,2,1669,20,232.5,354.4,72.0,1,65.9,6,0.22,3.51
César,Azpilicueta,DEF,45,0,0,1521,21,206.7,259.2,93.0,4,55.8,3,0.18,2.66
Thiago,Emiliano da Silva,DEF,80,0,2,2351,32,86.1,657.2,137.0,8,88.0,6,0.08,3.06
Marcos,Alonso,DEF,0,0,0,0,0,0.0,0.0,0.0,0,0.0,0,0.0,0.0
Ross,Barkley,MID,0,0,0,0,0,0.0,0.0,0.0,0,0.0,0,0.0,0.0
Mateo,Kovacic,MID,53,1,2,1699,25,363.8,294.2,114.0,2,77.5,4,0.42,2.81
Kepa,Arrizabalaga,GK,118,0,0,2565,33,0.1,706.2,0.0,15,70.6,9,0.04,4.14
N'Golo,Kanté,MID,18,0,1,517,7,186.9,107.0,58.0,1,35.2,2,0.17,3.13
Hakim,Ziyech,MID,33,0,3,649,7,230.9,155.4,113.0,0,49.0,2,0.14,4.58
Ruben,Loftus-Cheek,MID,46,0,1,1530,23,234.8,206.6,173.0,1,61.6,5,0.06,2.71
Timo,Werner,FWD,0,0,0,0,0,0.0,0.0,0.0,0,0.0,0,0.0,0.0
Robert Kenedy,Nunes do Nascimento,DEF,0,0,0,0,0,0.0,0.0,0.0,0,0.0,0,0.0,0.0
Ben,Chilwell,DEF,70,2,3,1402,19,382.6,283.4,178.0,4,84.2,4,0.19,4.49
Christian,Pulisic,MID,39,1,1,805,11,166.7,117.2,210.0,0,49.1,3,0.11,4.36
Trevoh,Chalobah,DEF,49,0,0,1601,24,93.5,283.6,108.0,1,48.7,5,0.22,2.75
Mason,Mount,MID,82,3,4,1644,21,463.1,331.4,376.0,8,117.2,8,0.22,4.49
Malang,Sarr,DEF,0,0,0,0,0,0.0,0.0,0.0,0,0.0,0,0.0,0.0
Callum,Hudson-Odoi,MID,0,0,0,0,0,0.0,0.0,0.0,0,0.0,0,0.0,0.0
Kai,Havertz,FWD,102,7,1,2565,31,513.3,470.2,1012.0,13,199.3,9,0.18,3.58
Reece,James,DEF,44,1,2,1242,17,358.2,292.2,153.0,5,80.4,2,0.29,3.19
Edouard,Mendy,GK,24,0,0,855,14,0.0,200.4,0.0,0,20.2,1,0.11,2.53
Conor,Gallagher,MID,66,3,1,1608,23,343.5,379.8,321.0,7,104.3,4,0.56,3.69
Armando,Broja,FWD,21,1,1,285,5,18.2,64.6,113.0,0,19.7,1,0.0,6.63
Ethan,Ampadu,DEF,0,0,0,0,0,0.0,0.0,0.0,0,0.0,0,0.0,0.0
Wesley,Fofana,DEF,37,1,0,1362,24,59.0,289.2,86.0,4,43.8,2,0.26,2.44
Raheem,Sterling,MID,101,6,4,1886,27,479.8,388.2,603.0,9,146.8,5,0.19,4.82
Kalidou,Koulibaly,DEF,74,2,1,1798,22,104.1,497.4,141.0,8,74.5,6,0.3,3.7
Harvey,Vale,MID,0,0,0,0,0,0.0,0.0,0.0,0,0.0,0,0.0,0.0
Denis,Zakaria,MID,13,0,0,409,5,22.6,44.6,24.0,0,9.2,2,0.0,2.86
Pierre-Emerick,Aubameyang,FWD,25,1,0,546,8,59.4,55.0,177.0,3,28.5,1,0.16,4.12
Marcus,Bettinelli,GK,0,0,0,0,0,0.0,0.0,0.0,0,0.0,0,0.0,0.0
Omari,Hutchinson,MID,1,0,0,22,0,1.8,1.0,4.0,0,0.7,0,0.0,0.0
Lewis,Hall,MID,19,0,0,653,11,174.3,113.2,119.0,3,40.7,1,0.14,2.62
Bashir,Humphreys,DEF,0,0,0,0,0,0.0,0.0,0.0,0,0.0,0,0.0,0.0
David Datro,Fofana,FWD,3,0,0,68,1,34.6,15.2,30.0,0,8.0,0,0.0,0.0
Benoît,Badiashile,DEF,40,1,0,904,9,49.1,219.8,81.0,2,35.1,4,0.2,3.98
João,Félix Sequeira,FWD,44,4,0,936,16,135.2,203.6,287.0,7,61.9,2,0.19,4.23
Mykhailo,Mudryk,MID,25,0,2,650,10,146.4,100.8,140.0,0,38.2,0,0.14,3.46
Andrey,Nascimento dos Santos,MID,0,0,0,0,0,0.0,0.0,0.0,0,0.0,0,0.0,0.0
Noni,Madueke,MID,26,1,0,639,13,131.9,130.8,182.0,2,44.6,0,0.0,3.66
Enzo,Fernández,MID,42,0,2,1547,25,307.3,298.2,64.0,1,67.1,3,0.17,2.44
Ethan,Wady,GK,0,0,0,0,0,0.0,0.0,0.0,0,0.0,0,0.0,0.0
Alfie,Gilchrist,DEF,0,0,0,0,0,0.0,0.0,0.0,0,0.0,0,0.0,0.0
Albert,Sambi Lokonga,MID,23,0,0,728,8,57.2,98.4,20.0,0,17.6,2,0.25,2.84
Vicente,Guaita,GK,99,0,0,2430,34,0.0,668.4,0.0,10,66.8,6,0.04,3.67
James,Tomkins,DEF,8,1,0,335,10,1.1,90.0,54.0,1,14.6,0,0.54,2.15
James,McArthur,MID,4,0,0,50,0,1.7,6.8,0.0,0,0.9,0,0.0,0.0
Christian,Benteke,FWD,0,0,0,0,0,0.0,0.0,0.0,0,0.0,0,0.0,0.0
Joel,Ward,DEF,78,1,0,2253,35,164.3,436.2,114.0,5,71.6,8,0.24,3.12
Nathaniel,Clyne,DEF,44,0,0,1638,23,124.9,203.6,8.0,0,33.6,3,0.16,2.42
Luka,Milivojevic,MID,23,0,0,500,7,43.6,69.2,17.0,0,12.7,2,0.36,4.14
Jordan,Ayew,MID,104,4,3,2708,41,465.5,490.8,429.0,4,138.7,8,0.17,3.46
Wilfried,Zaha,MID,95,7,2,2289,34,384.8,465.4,848.0,6,169.4,5,0.2,3.74
Jeffrey,Schlupp,MID,89,3,2,2528,38,257.6,404.6,314.0,2,97.9,9,0.25,3.17
Will,Hughes,MID,41,1,1,822,11,102.1,153.2,57.0,3,31.0,1,0.44,4.49
Jairo,Riedewald,MID,6,0,0,60,0,2.6,9.8,4.0,0,1.5,0,0.0,0.0
Joachim,Andersen,DEF,80,1,0,2782,37,146.3,641.8,273.0,1,106.4,8,0.26,2.59
Odsonne,Edouard,FWD,82,5,2,1788,25,227.7,351.6,544.0,5,111.5,5,0.15,4.13
Marc,Guéhi,DEF,95,1,0,3330,46,142.7,688.2,205.0,2,103.9,9,0.22,2.57
Jean-Philippe,Mateta,FWD,41,2,0,748,10,67.1,115.8,240.0,3,41.0,3,0.36,4.93
Eberechi,Eze,MID,159,10,5,2631,35,800.4,692.8,597.0,21,208.9,9,0.1,5.44
Tyrick,Mitchell,DEF,93,0,2,2889,40,234.0,470.4,135.0,7,84.3,8,0.19,2.9
Michael,Olise,MID,132,2,11,2743,38,1014.6,606.6,462.0,15,208.8,8,0.07,4.33
Jesurun,Rak-Sakyi,MID,0,0,0,0,0,0.0,0.0,0.0,0,0.0,0,0.0,0.0
Malcolm,Ebiowei,MID,3,0,0,31,1,0.9,3.4,4.0,0,0.9,0,0.0,0.0
Nathan,Ferguson,DEF,0,0,0,0,0,0.0,0.0,0.0,0,0.0,0,0.0,0.0
Sam,Johnstone,GK,36,0,0,810,10,0.0,155.0,0.0,5,15.6,3,0.11,4.0
Remi,Matthews,GK,0,0,0,0,0,0.0,0.0,0.0,0,0.0,0,0.0,0.0
Luke,Plange,FWD,0,0,0,0,0,0.0,0.0,0.0,0,0.0,0,0.0,0.0
Cheick,Doucouré,MID,74,0,3,2770,41,345.8,471.4,157.0,3,97.6,7,0.29,2.4
Chris,Richards,DEF,13,0,0,443,11,15.3,92.4,26.0,0,13.2,1,0.0,2.64
Joseph,Whitworth,GK,3,0,0,180,5,0.0,41.8,0.0,0,4.2,0,0.0,0.0
Kaden,Rodney,MID,0,0,0,0,0,0.0,0.0,0.0,0,0.0,0,0.0,0.0
Killian,Phillips,MID,0,0,0,0,0,0.0,0.0,0.0,0,0.0,0,0.0,0.0
John-Kymani,Gordon,FWD,0,0,0,0,0,0.0,0.0,0.0,0,0.0,0,0.0,0.0
Kofi,Balmer,DEF,0,0,0,0,0,0.0,0.0,0.0,0,0.0,0,0.0,0.0
Owen,Goodman,GK,0,0,0,0,0,0.0,0.0,0.0,0,0.0,0,0.0,0.0
Jack,Wells-Morrison,MID,0,0,0,0,0,0.0,0.0,0.0,0,0.0,0,0.0,0.0
David,Ozoh,MID,1,0,0,1,0,0.8,0.0,0.0,0,0.1,0,0.0,0.0
Naouirou,Ahamada,MID,7,0,0,87,2,13.2,7.4,14.0,0,3.0,0,0.0,0.0
Tayo,Adaramola,DEF,0,0,0,0,0,0.0,0.0,0.0,0,0.0,0,0.0,0.0
Neal,Maupay,FWD,41,1,0,1104,19,109.9,85.8,429.0,3,62.2,3,0.33,3.34
Asmir,Begović,GK,9,0,0,90,0,0.0,36.0,0.0,2,3.6,1,0.0,0.0
Salomón,Rondón,FWD,7,0,0,103,2,26.1,7.4,41.0,0,7.3,0,0.0,0.0
Seamus,Coleman,DEF,63,1,0,1654,25,108.7,297.8,95.0,5,50.4,5,0.05,3.43
Andros,Townsend,MID,0,0,0,0,0,0.0,0.0,0.0,0,0.0,0,0.0,0.0
Michael,Keane,DEF,39,1,2,983,22,42.6,242.6,131.0,5,41.7,2,0.0,3.57
Dele,Alli,MID,2,0,0,38,1,2.2,0.6,6.0,0,0.9,0,0.0,0.0
Jordan,Pickford,GK,124,0,1,3330,57,23.0,991.2,0.0,10,101.3,8,0.16,3.35
Allan,Marques Loureiro,MID,0,0,0,0,0,0.0,0.0,0.0,0,0.0,0,0.0,0.0
André,Tavares Gomes,MID,0,0,0,0,0,0.0,0.0,0.0,0,0.0,0,0.0,0.0
Abdoulaye,Doucouré,MID,76,5,2,1527,27,261.2,315.8,229.0,10,80.3,4,0.41,4.48
Alex,Iwobi,MID,126,2,8,3379,56,917.7,682.4,366.0,9,196.7,9,0.05,3.36
Jean-Philippe,Gbamin,MID,0,0,0,0,0,0.0,0.0,0.0,0,0.0,0,0.0,0.0
Yerry,Mina,DEF,33,2,0,594,9,17.7,176.8,134.0,7,33.0,1,0.3,5.0
Demarai,Gray,MID,91,4,1,2501,39,605.2,410.4,670.0,4,168.5,7,0.11,3.27
Tom,Davies,MID,19,0,0,524,9,46.2,50.4,98.0,0,19.3,1,0.52,3.26
Dominic,Calvert-Lewin,FWD,40,2,1,1166,22,122.4,138.4,409.0,2,66.4,4,0.23,3.09
Mason,Holgate,DEF,16,0,0,506,9,71.9,90.4,55.0,2,21.5,2,0.36,2.85
Ben,Godfrey,DEF,18,0,1,801,18,42.3,146.8,46.0,0,23.6,1,0.22,2.02
Vitalii,Mykolenko,DEF,75,0,1,2653,46,307.0,504.8,120.0,4,93.4,7,0.14,2.54
Jarrad,Branthwaite,DEF,0,0,0,0,0,0.0,0.0,0.0,0,0.0,0,0.0,0.0
Nathan,Patterson,DEF,31,0,0,1274,22,111.9,231.4,108.0,0,45.3,2,0.21,2.19
Niels,Nkounkou,DEF,0,0,0,0,0,0.0,0.0,0.0,0,0.0,0,0.0,0.0
James,Tarkowski,DEF,106,1,1,3420,57,184.7,1019.6,435.0,13,164.2,9,0.16,2.79
Conor,Coady,DEF,77,1,1,2094,28,59.5,392.6,88.0,5,54.0,7,0.09,3.31
Rúben,Nascimento Vinagre,DEF,2,0,0,24,0,1.4,7.6,0.0,0,0.9,0,0.0,0.0
Dwight,McNeil,MID,126,7,5,2490,46,726.6,699.4,462.0,14,189.2,5,0.18,4.55
Stanley,Mills,MID,0,0,0,0,0,0.0,0.0,0.0,0,0.0,0,0.0,0.0
Lewis,Warrington,MID,0,0,0,0,0,0.0,0.0,0.0,0,0.0,0,0.0,0.0
James,Garner,MID,25,0,1,796,13,114.6,90.4,57.0,0,26.5,2,0.34,2.83
Amadou,Onana,MID,77,1,3,2486,37,295.1,347.2,280.0,2,92.0,9,0.33,2.79
Reece,Welch,DEF,0,0,0,0,0,0.0,0.0,0.0,0,0.0,0,0.0,0.0
Idrissa,Gueye,MID,66,0,1,2577,45,193.7,399.2,61.0,1,65.3,8,0.24,2.31
Eldin,Jakupovic,GK,0,0,0,0,0,0.0,0.0,0.0,0,0.0,0,0.0,0.0
Kyle,John,DEF,0,0,0,0,0,0.0,0.0,0.0,0,0.0,0,0.0,0.0
Thomas,Cannon,FWD,2,0,0,23,1,11.6,5.0,21.0,0,3.8,0,0.0,0.0
Isaac,Price,MID,0,0,0,32,0,15.6,9.6,0.0,0,2.5,0,0.0,0.0
Ellis,Simms,FWD,17,1,0,219,4,39.3,40.8,54.0,0,13.0,0,0.0,0.0
Ishé,Samuels-Smith,DEF,0,0,0,0,0,0.0,0.0,0.0,0,0.0,0,0.0,0.0
Andy,Lonergan,GK,0,0,0,0,0,0.0,0.0,0.0,0,0.0,0,0.0,0.0
Sean,McAllister,MID,0,0,0,0,0,0.0,0.0,0.0,0,0.0,0,0.0,0.0
Cédric,Alves Soares,DEF,10,0,0,223,3,51.4,56.4,10.0,0,11.9,0,0.0,0.0
Bernd,Leno,GK,142,0,0,3240,51,10.0,1115.8,0.0,17,112.7,8,0.08,3.94
Shane,Duffy,DEF,4,0,0,17,4,0.2,0.2,7.0,0,0.2,0,0.0,0.0
Tom,Cairney,MID,53,2,1,968,13,228.2,189.2,204.0,2,62.4,1,0.19,4.93
Tim,Ream,DEF,98,1,0,2898,44,65.2,604.2,76.0,12,74.8,8,0.06,3.04
Anthony,Knockaert,MID,0,0,0,0,0,0.0,0.0,0.0,0,0.0,0,0.0,0.0
Nathaniel,Chalobah,MID,1,0,0,11,4,0.6,4.6,17.0,0,2.3,0,0.0,0.0
Neeskens,Kebano,MID,40,0,4,758,10,179.7,119.6,112.0,0,41.5,3,0.0,4.75
Bobby,De Cordova-Reid,MID,90,4,1,2473,40,326.6,365.2,508.0,3,119.7,8,0.29,3.28
Joe,Bryan,DEF,0,0,0,0,0,0.0,0.0,0.0,0,0.0,0,0.0,0.0
Paulo,Gazzaniga Farias,GK,0,0,0,0,0,0.0,0.0,0.0,0,0.0,0,0.0,0.0
Terence,Kongolo,DEF,0,0,0,0,0,0.0,0.0,0.0,0,0.0,0,0.0,0.0
Tosin,Adarabioyo,DEF,49,1,0,2084,39,89.8,495.0,128.0,1,71.4,3,0.17,2.12
Aleksandar,Mitrović,FWD,107,14,2,2010,30,216.5,584.8,1141.0,14,193.1,7,0.31,4.79
Harrison,Reed,MID,107,3,4,2868,44,495.6,480.4,266.0,9,124.2,9,0.16,3.36
Harry,Wilson,MID,68,2,5,1085,15,182.1,209.2,173.0,2,56.4,2,0.08,5.64
Marek,Rodák,GK,7,0,0,180,2,0.0,19.0,0.0,0,1.9,1,0.0,0.0
Ivan,Neves Abreu Cavaleiro,MID,0,0,0,0,0,0.0,0.0,0.0,0,0.0,0,0.0,0.0
Kenny,Tete,DEF,90,1,5,2569,36,385.6,617.8,110.0,1,111.6,7,0.28,3.15
Josh,Onomah,MID,2,0,0,14,2,0.6,2.0,0.0,0,0.3,0,0.0,0.0
Antonee,Robinson,DEF,93,0,2,3088,44,417.6,553.0,57.0,5,102.9,9,0.23,2.71
Rodrigo,Muniz Carvalho,FWD,0,0,0,0,0,0.0,0.0,0.0,0,0.0,0,0.0,0.0
Jay,Stansfield,FWD,7,0,1,85,2,12.8,8.4,46.0,0,6.7,0,0.0,0.0
João,Palhinha Gonçalves,MID,83,3,0,3108,43,141.8,560.4,336.0,5,104.2,9,0.41,2.4
Daniel,James,MID,45,2,1,802,18,121.4,144.6,218.0,2,48.1,1,0.0,5.05
Andreas,Hoelgebaum Pereira,MID,123,4,10,2696,40,965.0,440.6,495.0,9,189.3,8,0.27,4.11
Issa,Diop,DEF,79,1,0,2008,26,27.7,432.6,78.0,8,53.8,7,0.09,3.54
Tyrese,Francois,MID,1,0,0,1,0,0.3,1.0,0.0,0,0.1,0,0.0,0.0
Kevin,Mbabu,DEF,7,0,1,141,7,37.7,39.8,0.0,0,7.8,0,0.0,0.0
Luke,Harris,MID,3,0,0,10,1,1.6,0.6,0.0,0,0.2,0,0.0,0.0
Manor,Solomon,MID,44,4,0,560,11,86.0,214.8,107.0,1,40.8,0,0.0,7.07
Terry,Ablade,FWD,0,0,0,0,0,0.0,0.0,0.0,0,0.0,0,0.0,0.0
Layvin,Kurzawa,DEF,2,0,0,136,4,4.5,20.2,0.0,0,2.5,0,0.0,0.0
Willian,Borges da Silva,MID,116,5,7,2127,22,658.8,430.2,447.0,11,153.6,9,0.08,4.91
Carlos Vinícius,Alves Morais,FWD,72,5,2,1098,20,118.3,244.0,370.0,10,72.7,1,0.25,5.9
Stefan,Parkes,DEF,0,0,0,0,0,0.0,0.0,0.0,0,0.0,0,0.0,0.0
Martial,Godo,MID,0,0,0,0,0,0.0,0.0,0.0,0,0.0,0,0.0,0.0
Kristian,Sekularac,MID,0,0,0,0,0,0.0,0.0,0.0,0,0.0,0,0.0,0.0
Sasa,Lukic,MID,15,0,0,406,10,16.0,34.2,18.0,0,6.8,0,0.22,3.33
George,Wickens,GK,0,0,0,0,0,0.0,0.0,0.0,0,0.0,0,0.0,0.0
Charlie,Robinson,DEF,0,0,0,0,0,0.0,0.0,0.0,0,0.0,0,0.0,0.0
Matthew,Dibley-Dias,MID,0,0,0,0,0,0.0,0.0,0.0,0,0.0,0,0.0,0.0
Kasper,Schmeichel,GK,0,0,0,0,0,0.0,0.0,0.0,0,0.0,0,0.0,0.0
Jonny,Evans,DEF,20,0,0,1051,28,20.6,223.8,35.0,0,27.9,2,0.09,1.71
Ryan,Bertrand,DEF,0,0,0,0,0,0.0,0.0,0.0,0,0.0,0,0.0,0.0
Marc,Albrighton,MID,13,1,0,232,3,95.2,76.8,43.0,0,21.4,0,0.0,0.0
Nampalys,Mendy,MID,30,1,0,746,13,42.0,115.2,20.0,1,17.8,0,0.12,3.62
Jannik,Vestergaard,DEF,0,0,0,0,0,0.0,0.0,0.0,0,0.0,0,0.0,0.0
Danny,Ward,GK,91,0,0,2340,46,0.0,631.4,0.0,12,63.0,6,0.0,3.5
Jamie,Vardy,FWD,82,3,5,1841,38,173.5,287.0,451.0,4,90.6,4,0.05,4.01
Ricardo,Barbosa Pereira,DEF,20,1,1,451,11,100.2,148.0,25.0,2,27.3,0,0.4,3.99
Daniel,Amartey,DEF,51,0,0,1608,27,79.8,358.4,50.0,4,48.9,5,0.06,2.85
Timothy,Castagne,DEF,114,2,4,3255,63,377.3,679.8,289.0,11,135.0,8,0.08,3.15
Youri,Tielemans,MID,86,3,3,2341,49,458.3,512.2,190.0,6,116.2,6,0.15,3.31
Ayoze,Pérez,MID,19,0,2,378,5,151.0,65.2,92.0,0,30.9,1,0.0,4.52
James,Maddison,MID,135,10,9,2479,54,970.0,785.4,769.0,9,252.9,4,0.36,4.9
Kelechi,Iheanacho,FWD,82,5,5,1112,23,228.9,306.6,437.0,9,95.7,1,0.0,6.64
Hamza,Choudhury,MID,0,0,0,0,0,0.0,0.0,0.0,0,0.0,0,0.0,0.0
Harvey,Barnes,MID,138,13,2,2709,51,305.1,567.4,883.0,0,175.5,6,0.1,4.58
Wilfred,Ndidi,MID,41,0,0,1672,39,73.0,317.6,45.0,0,43.2,1,0.22,2.21
Kiernan,Dewsbury-Hall,MID,82,2,3,2305,41,527.7,446.6,233.0,5,121.0,7,0.16,3.2
Çaglar,Söyüncü,DEF,16,1,0,528,13,13.3,174.6,53.0,3,24.1,0,0.34,2.73
James,Justin,DEF,45,0,2,1252,25,138.8,208.4,40.0,2,38.7,5,0.0,3.23
Boubakary,Soumaré,MID,41,0,0,1624,30,148.7,236.6,5.0,0,39.2,6,0.5,2.27
Luke,Thomas,DEF,28,0,1,1068,20,89.4,166.8,12.0,0,26.8,2,0.25,2.36
Patson,Daka,FWD,70,4,4,1169,24,223.6,295.2,440.0,3,95.1,5,0.15,5.39
Lewis,Brunt,DEF,1,0,0,22,1,1.0,2.2,0.0,0,0.3,0,0.0,0.0
Daniel,Iversen,GK,29,0,0,1080,22,0.0,255.8,0.0,2,25.6,1,0.0,2.42
Dennis,Praet,MID,34,1,1,635,10,66.9,96.4,64.0,0,22.7,2,0.14,4.82
Alex,Smithies,GK,0,0,0,0,0,0.0,0.0,0.0,0,0.0,0,0.0,0.0
Wout,Faes,DEF,78,1,2,2786,51,115.6,662.4,93.0,5,87.1,7,0.16,2.52
Sammy,Braybrooke,MID,0,0,0,0,0,0.0,0.0,0.0,0,0.0,0,0.0,0.0
Joe,Wormleighton,DEF,0,0,0,0,0,0.0,0.0,0.0,0,0.0,0,0.0,0.0
Kasey,McAteer,MID,0,0,0,0,0,0.0,0.0,0.0,0,0.0,0,0.0,0.0
Victor,Kristiansen,DEF,16,0,1,891,21,119.3,173.2,14.0,0,30.8,0,0.2,1.62
Mateus,Cardoso Lemos Martins,MID,27,1,0,732,15,98.7,84.0,109.0,1,28.8,0,0.0,3.32
Harry,Souttar,DEF,20,0,1,991,19,38.9,242.6,65.0,0,34.6,1,0.18,1.82
Wanya,Marçal-Madivadua,MID,0,0,0,0,0,0.0,0.0,0.0,0,0.0,0,0.0,0.0
Liam,Cooper,DEF,31,1,0,1425,32,65.2,309.8,145.0,1,51.7,2,0.32,1.96
Luke,Ayling,DEF,59,2,1,2048,48,209.3,451.8,264.0,4,92.8,3,0.13,2.59
Mateusz,Klich,MID,12,0,0,266,5,69.3,39.6,50.0,0,15.2,0,0.0,0.0
Adam,Forshaw,MID,16,0,0,473,13,62.0,49.6,0.0,0,11.3,0,0.0,3.04
Rodrigo,Moreno,MID,127,13,2,1928,43,241.1,577.6,853.0,6,166.5,5,0.28,5.93
Stuart,Dallas,DEF,0,0,0,0,0,0.0,0.0,0.0,0,0.0,0,0.0,0.0
Patrick,Bamford,FWD,70,4,5,1510,31,171.6,252.2,588.0,3,99.6,1,0.18,4.17
Diego,Llorente,DEF,16,0,0,648,12,5.8,99.0,40.0,2,14.6,1,0.14,2.22
Tyler,Roberts,MID,0,0,0,0,0,0.0,0.0,0.0,0,0.0,0,0.0,0.0
Robin,Koch,DEF,55,0,0,3175,74,72.9,589.2,201.0,2,86.3,5,0.2,1.56
Raphael,Dias Belloli,MID,0,0,0,0,0,0.0,0.0,0.0,0,0.0,0,0.0,0.0
Jack,Harrison,MID,134,5,8,2707,55,791.5,556.2,466.0,15,181.2,6,0.07,4.46
Jamie,Shackleton,MID,0,0,0,0,0,0.0,0.0,0.0,0,0.0,0,0.0,0.0
Pascal,Struijk,DEF,66,2,2,2198,52,216.2,544.4,253.0,4,101.5,4,0.2,2.7
Kristoffer,Klaesson,GK,0,0,0,0,0,0.0,0.0,0.0,0,0.0,0,0.0,0.0
Sam,Greenwood,FWD,30,1,2,410,11,210.5,121.8,85.0,1,41.6,0,0.22,6.59
Illan,Meslier,GK,90,0,0,3060,67,0.0,738.6,17.0,8,75.9,5,0.09,2.65
Junior,Firpo Adames,DEF,30,1,2,1364,33,123.4,286.0,41.0,3,45.0,1,0.4,1.98
Crysencio,Summerville,MID,74,4,4,1411,38,222.6,311.8,357.0,4,88.6,1,0.26,4.72
Lewis,Bate,MID,0,0,0,0,0,0.0,0.0,0.0,0,0.0,0,0.0,0.0
Joe,Gelhardt,FWD,20,0,2,201,3,32.1,49.4,114.0,0,19.4,0,0.0,0.0
Leo Fuhr,Hjelde,DEF,0,0,0,0,0,0.0,0.0,0.0,0,0.0,0,0.0,0.0
Rasmus,Kristensen,DEF,51,3,1,1957,53,143.6,474.4,160.0,1,78.0,2,0.18,2.35
Marc,Roca Junqué,MID,67,1,3,2316,60,475.8,433.6,323.0,3,123.1,2,0.27,2.6
Brenden,Aaronson,MID,83,1,4,2365,58,662.6,306.0,439.0,0,141.1,5,0.08,3.16
Darko,Gyabi,MID,1,0,0,7,0,0.5,4.4,20.0,0,2.5,0,0.0,0.0
Tyler,Adams,MID,47,0,0,2156,36,328.9,393.6,24.0,1,74.9,5,0.21,1.96
Luis,Sinisterra Lucumí,MID,53,5,0,863,23,157.7,242.8,305.0,6,70.6,0,0.21,5.53
Cody,Drameh,DEF,1,0,0,70,3,2.7,12.8,0.0,0,1.6,0,0.0,0.0
Archie,Gray,MID,0,0,0,0,0,0.0,0.0,0.0,0,0.0,0,0.0,0.0
Joel,Robles,GK,7,0,0,360,11,0.0,93.2,0.0,0,9.3,0,0.25,1.75
Wilfried,Gnonto,FWD,55,2,4,1346,28,323.5,264.8,253.0,6,84.3,4,0.47,3.68
Mateo Joseph,Fernández,FWD,3,0,0,24,0,0.2,3.0,19.0,0,2.2,0,0.0,0.0
Sonny,Perkins,FWD,0,0,0,0,0,0.0,0.0,0.0,0,0.0,0,0.0,0.0
Maximilian,Wöber,DEF,25,0,0,1264,23,65.8,273.4,54.0,2,39.5,2,0.21,1.78
Georginio,Rutter,FWD,15,0,1,263,9,38.3,36.2,41.0,0,11.4,0,0.0,0.0
Weston,McKennie,MID,31,0,1,1434,35,201.7,198.8,81.0,0,48.3,1,0.44,1.95
Jeremiah,Chilokoa-Mullen,DEF,0,0,0,0,0,0.0,0.0,0.0,0,0.0,0,0.0,0.0
Diogo,Pinheiro Monteiro,DEF,0,0,0,0,0,0.0,0.0,0.0,0,0.0,0,0.0,0.0
James,Milner,MID,42,0,1,889,12,207.2,172.8,92.0,0,47.2,3,0.2,4.25
Jordan,Henderson,MID,69,0,3,2060,30,506.1,307.4,174.0,0,99.1,8,0.09,3.01
Joel,Matip,DEF,36,1,0,1091,20,49.5,223.4,90.0,4,36.2,3,0.25,2.97
Thiago,Alcántara do Nascimento,MID,30,0,0,1252,23,265.8,244.4,86.0,0,59.8,2,0.14,2.16
Alex,Oxlade-Chamberlain,MID,20,1,0,332,7,66.3,72.4,84.0,2,22.3,0,0.0,5.42
Roberto,Firmino,FWD,104,11,4,1202,17,293.2,542.0,792.0,12,162.8,4,0.0,7.79
Virgil,van Dijk,DEF,127,3,1,2835,36,121.0,743.2,389.0,13,125.4,11,0.1,4.03
Alisson,Ramses Becker,GK,162,0,1,3330,43,10.1,966.4,0.0,15,97.6,14,0.03,4.38
Fabio Henrique,Tavares,MID,70,0,2,2666,34,302.0,379.2,109.0,0,79.0,11,0.37,2.36
Mohamed,Salah,MID,239,19,13,3290,45,869.9,1046.2,1620.0,23,353.7,13,0.05,6.54
Andrew,Robertson,DEF,121,0,8,2579,34,862.1,549.2,211.0,10,162.3,9,0.1,4.22
Trent,Alexander-Arnold,DEF,156,2,11,2922,44,1168.2,779.0,241.0,21,219.0,10,0.15,4.8
Joseph,Gomez,DEF,68,0,0,1461,16,43.7,297.8,27.0,8,36.9,8,0.18,4.19
Naby,Keita,MID,10,0,0,290,4,92.6,23.8,54.0,0,16.9,1,0.31,3.1
Diogo,Teixeira da Silva,FWD,80,7,4,1125,19,237.9,304.2,337.0,9,87.5,5,0.16,6.4
Caoimhin,Kelleher,GK,2,0,0,90,4,0.0,0.0,0.0,0,0.0,0,0.0,0.0
Ibrahima,Konaté,DEF,49,0,0,1551,22,39.6,285.6,144.0,0,46.8,7,0.29,2.84
Curtis,Jones,MID,52,3,1,1029,15,214.4,266.2,236.0,4,71.6,4,0.17,4.55
Konstantinos,Tsimikas,DEF,48,0,4,762,11,281.7,177.6,124.0,2,58.5,4,0.35,5.67
Luis,Díaz,MID,62,4,2,991,11,176.7,236.2,388.0,7,80.1,4,0.18,5.63
Harvey,Elliott,MID,62,1,2,1600,20,372.3,257.0,363.0,2,99.4,5,0.11,3.49
Fábio,Freitas Gouveia Carvalho,MID,27,2,1,339,3,36.7,89.4,173.0,0,29.7,0,0.0,7.17
Darwin,Núñez Ribeiro,FWD,100,9,5,1684,22,336.9,458.2,1078.0,8,186.0,7,0.11,5.34
Calvin,Ramsay,DEF,0,0,0,0,0,0.0,0.0,0.0,0,0.0,0,0.0,0.0
Adrián,San Miguel del Castillo,GK,0,0,0,0,0,0.0,0.0,0.0,0,0.0,0,0.0,0.0
Rhys,Williams,DEF,0,0,0,0,0,0.0,0.0,0.0,0,0.0,0,0.0,0.0
Ben,Davies,DEF,0,0,0,0,0,0.0,0.0,0.0,0,0.0,0,0.0,0.0
Sepp,van den Berg,DEF,0,0,0,0,0,0.0,0.0,0.0,0,0.0,0,0.0,0.0
Nathaniel,Phillips,DEF,3,0,0,65,1,1.4,15.4,18.0,0,3.4,0,0.0,0.0
Luke,Chambers,DEF,0,0,0,0,0,0.0,0.0,0.0,0,0.0,0,0.0,0.0
Stefan,Bajcetic,MID,22,1,0,522,4,61.7,90.2,77.0,0,22.8,3,0.34,3.79
Bobby,Clark,MID,1,0,0,7,0,0.3,0.0,2.0,0,0.2,0,0.0,0.0
Harvey,Davies,GK,0,0,0,0,0,0.0,0.0,0.0,0,0.0,0,0.0,0.0
Arthur Henrique,Ramos de Oliveira Melo,MID,0,0,0,0,0,0.0,0.0,0.0,0,0.0,0,0.0,0.0
Ben,Doak,MID,2,0,0,23,1,1.4,5.6,4.0,0,1.2,0,0.0,0.0
Cody,Gakpo,MID,90,7,3,1455,19,271.1,331.8,415.0,4,101.3,6,0.0,5.57
Kyle,Walker,DEF,69,0,0,1953,20,176.2,223.8,39.0,0,43.8,7,0.14,3.18
Ilkay,Gündogan,MID,132,8,6,2351,20,636.9,596.2,597.0,9,182.7,10,0.0,5.05
Kevin,De Bruyne,MID,183,7,18,2413,23,1476.7,897.8,598.0,26,297.6,10,0.04,6.83
John,Stones,DEF,93,2,2,1844,17,164.1,396.0,135.0,13,69.6,7,0.1,4.54
Riyad,Mahrez,MID,126,5,12,1913,23,773.4,533.6,520.0,11,182.5,6,0.09,5.93
Jack,Grealish,MID,121,5,10,2051,16,721.3,515.8,683.0,9,191.7,10,0.18,5.31
João,Cancelo,DEF,73,2,2,1273,16,266.4,277.0,276.0,10,81.2,6,0.28,5.16
Ederson,Santana de Moraes,GK,121,0,1,3150,32,13.1,479.0,0.0,8,49.2,11,0.09,3.46
Nathan,Aké,DEF,92,1,0,1871,15,161.6,383.4,150.0,9,69.7,9,0.1,4.43
Aymeric,Laporte,DEF,40,0,0,992,10,107.8,166.2,68.0,3,34.1,4,0.0,3.63
Zack,Steffen,GK,0,0,0,0,0,0.0,0.0,0.0,0,0.0,0,0.0,0.0
Bernardo,Veiga de Carvalho e Silva,MID,106,4,6,2196,24,515.0,492.0,424.0,9,143.1,7,0.2,4.34
Rúben,Gato Alves Dias,DEF,80,0,0,1997,16,83.7,416.8,124.0,1,62.5,9,0.14,3.61
Phil,Foden,MID,142,11,7,1832,16,670.8,671.2,712.0,15,205.4,5,0.05,6.98
Rodrigo,Hernandez,MID,108,2,6,2911,26,555.9,716.0,493.0,7,176.9,11,0.15,3.34
Cole,Palmer,MID,19,0,1,358,4,72.4,59.2,97.0,0,23.1,1,0.25,4.78
James,McAtee,MID,0,0,0,0,0,0.0,0.0,0.0,0,0.0,0,0.0,0.0
Erling,Haaland,FWD,272,36,9,2767,26,371.0,1390.0,1825.0,40,358.1,13,0.16,8.85
Julián,Álvarez,FWD,103,9,3,1448,16,271.1,430.8,545.0,14,124.7,5,0.0,6.4
Luke,Mbete-Tabu,DEF,0,0,0,0,0,0.0,0.0,0.0,0,0.0,0,0.0,0.0
Josh,Wilson-Esbrand,DEF,0,0,0,0,0,0.0,0.0,0.0,0,0.0,0,0.0,0.0
Liam,Delap,FWD,0,0,0,0,0,0.0,0.0,0.0,0,0.0,0,0.0,0.0
Stefan,Ortega Moreno,GK,23,0,0,270,1,0.0,116.8,0.0,5,11.7,2,0.0,7.67
Kalvin,Phillips,MID,14,0,0,291,3,46.5,39.0,19.0,0,10.5,1,0.31,4.33
Scott,Carson,GK,0,0,0,0,0,0.0,0.0,0.0,0,0.0,0,0.0,0.0
Rico,Lewis,DEF,29,0,0,900,8,152.4,114.6,40.0,0,30.7,2,0.1,2.9
Sergio,Gómez,DEF,21,0,1,340,6,52.8,66.2,24.0,1,14.3,1,0.0,5.56
Claudio,Gomes,MID,0,0,0,0,0,0.0,0.0,0.0,0,0.0,0,0.0,0.0
Ben,Knight,MID,0,0,0,0,0,0.0,0.0,0.0,0,0.0,0,0.0,0.0
Manuel,Akanji,DEF,82,0,1,2284,23,146.5,385.6,180.0,5,71.4,7,0.08,3.23
Máximo,Perrone,MID,1,0,0,18,1,2.6,1.0,4.0,0,0.8,0,0.0,0.0
Alex,Robertson,MID,0,0,0,0,0,0.0,0.0,0.0,0,0.0,0,0.0,0.0
Shea,Charles,MID,1,0,0,27,1,0.0,0.0,0.0,0,0.0,0,0.0,0.0
Nico,O'Reilly,MID,0,0,0,0,0,0.0,0.0,0.0,0,0.0,0,0.0,0.0
Jack,Butland,GK,0,0,0,0,0,0.0,0.0,0.0,0,0.0,0,0.0,0.0
Cristiano Ronaldo,dos Santos Aveiro,FWD,20,1,0,519,8,83.2,63.8,218.0,3,35.6,3,0.35,3.47
David,De Gea Quintana,GK,161,0,0,3420,43,13.0,792.2,0.0,5,80.7,17,0.0,4.24
Phil,Jones,DEF,0,0,0,0,0,0.0,0.0,0.0,0,0.0,0,0.0,0.0
Raphaël,Varane,DEF,77,0,0,1912,22,74.0,387.0,124.0,2,58.8,10,0.05,3.62
Harry,Maguire,DEF,39,0,0,762,7,20.3,180.6,51.0,2,25.2,5,0.47,4.61
Frederico,Rodrigues de Paula Santos,MID,62,2,3,1228,22,335.9,282.2,213.0,2,83.0,4,0.44,4.54
Luke,Shaw,DEF,124,1,4,2552,35,547.7,572.8,118.0,20,124.2,12,0.28,4.37
Bruno,Borges Fernandes,MID,176,8,9,3317,39,1532.3,948.0,948.0,23,343.1,18,0.16,4.78
Alex,Telles,DEF,0,0,0,0,0,0.0,0.0,0.0,0,0.0,0,0.0,0.0
Marcus,Rashford,MID,205,17,7,2880,39,459.7,887.8,1427.0,21,277.6,13,0.06,6.41
Donny,van de Beek,MID,8,0,0,162,3,40.2,11.2,54.0,0,10.5,0,0.0,0.0
Victor,Lindelöf,DEF,57,0,0,1359,16,53.5,265.0,19.0,3,33.9,6,0.07,3.77
Scott,McTominay,MID,36,1,0,1149,20,122.8,242.2,156.0,2,51.7,4,0.63,2.82
Eric,Bailly,DEF,0,0,0,0,0,0.0,0.0,0.0,0,0.0,0,0.0,0.0
Jadon,Sancho,MID,105,6,3,1683,18,543.9,390.6,382.0,8,131.7,13,0.0,5.61
Aaron,Wan-Bissaka,DEF,67,0,0,1432,10,221.9,290.4,143.0,3,65.5,8,0.13,4.21
Diogo,Dalot Teixeira,DEF,102,1,2,2152,34,418.6,469.4,272.0,19,116.0,10,0.25,4.27
Brandon,Williams,DEF,0,0,0,0,0,0.0,0.0,0.0,0,0.0,0,0.0,0.0
Anthony,Elanga,MID,23,0,1,417,2,78.8,52.4,162.0,0,28.7,2,0.0,4.96
Anthony,Martial,FWD,66,6,3,970,8,179.0,305.2,376.0,4,85.4,7,0.0,6.12
Facundo,Pellistri Rebollo,MID,4,0,0,60,1,1.7,3.2,2.0,0,0.6,0,0.0,0.0
Tom,Heaton,GK,0,0,0,0,0,0.0,0.0,0.0,0,0.0,0,0.0,0.0
Tyrell,Malacia,DEF,62,0,0,1391,14,125.8,206.4,77.0,8,41.1,7,0.39,4.01
Christian,Eriksen,MID,103,1,9,2046,25,564.3,420.8,344.0,8,132.8,13,0.13,4.53
Lisandro,Martínez,DEF,81,1,0,2113,33,110.4,571.8,82.0,6,76.7,9,0.26,3.45
Amad,Diallo,MID,0,0,0,0,0,0.0,0.0,0.0,0,0.0,0,0.0,0.0
Zidane,Iqbal,MID,0,0,0,0,0,0.0,0.0,0.0,0,0.0,0,0.0,0.0
Alejandro,Garnacho,MID,39,3,2,557,13,58.5,153.8,266.0,0,47.9,0,0.48,6.3
Carlos Henrique,Casimiro,MID,87,4,3,2122,22,393.0,638.6,278.0,10,131.1,10,0.38,3.69
Antony Matheus,dos Santos,MID,82,4,2,1803,21,421.0,322.0,633.0,4,137.1,12,0.25,4.09
Matej,Kovár,GK,0,0,0,0,0,0.0,0.0,0.0,0,0.0,0,0.0,0.0
Kobbie,Mainoo,MID,1,0,0,10,0,0.8,5.8,6.0,0,1.3,0,0.0,0.0
Nathan,Bishop,GK,0,0,0,0,0,0.0,0.0,0.0,0,0.0,0,0.0,0.0
Shola,Shoretire,FWD,0,0,0,0,0,0.0,0.0,0.0,0,0.0,0,0.0,0.0
Rhys,Bennett,DEF,0,0,0,0,0,0.0,0.0,0.0,0,0.0,0,0.0,0.0
Wout,Weghorst,FWD,24,0,1,790,11,183.7,97.6,140.0,0,42.1,4,0.11,2.73
Marcel,Sabitzer,MID,25,0,1,622,7,138.9,100.4,84.0,0,32.5,5,0.14,3.62
Marc,Jurado Gomez,DEF,0,0,0,0,0,0.0,0.0,0.0,0,0.0,0,0.0,0.0
Anthony,Gordon,MID,68,4,0,1574,18,215.3,265.6,517.0,5,99.8,4,0.4,3.89
Matt,Ritchie,DEF,7,0,0,35,0,17.2,8.8,2.0,0,2.8,0,0.0,0.0
Federico,Fernández,DEF,0,0,0,0,0,0.0,0.0,0.0,0,0.0,0,0.0,0.0
Ciaran,Clark,DEF,0,0,0,0,0,0.0,0.0,0.0,0,0.0,0,0.0,0.0
Karl,Darlow,GK,0,0,0,0,0,0.0,0.0,0.0,0,0.0,0,0.0,0.0
Martin,Dubravka,GK,11,0,0,156,1,0.0,29.4,0.0,1,2.9,1,0.0,0.0
Callum,Wilson,FWD,157,18,6,1870,16,271.0,720.0,1020.0,20,200.4,10,0.19,7.56
Kieran,Trippier,DEF,198,1,9,3342,31,1818.5,904.8,117.0,39,284.3,16,0.13,5.33
Dan,Burn,DEF,129,1,0,3109,30,230.4,550.2,265.0,6,104.8,14,0.14,3.73
Ryan,Fraser,MID,11,0,0,308,3,74.0,26.8,70.0,0,17.2,1,0.29,3.21
Jamaal,Lascelles,DEF,3,0,0,214,5,0.9,42.6,13.0,0,5.4,0,0.0,0.0
Dwight,Gayle,FWD,0,0,0,0,0,0.0,0.0,0.0,0,0.0,0,0.0,0.0
Paul,Dummett,DEF,0,0,0,0,0,0.0,0.0,0.0,0,0.0,0,0.0,0.0
Javier,Manquillo Gaitán,DEF,4,0,0,34,1,5.5,12.0,2.0,0,2.0,0,0.0,0.0
Emil,Krafth,DEF,1,0,0,1,0,0.0,0.0,0.0,0,0.0,0,0.0,0.0
Jacob,Murphy,MID,78,4,2,1230,12,302.5,275.0,410.0,2,98.9,3,0.0,5.71
Fabian,Schär,DEF,139,1,3,3207,28,263.9,653.4,521.0,6,144.1,15,0.2,3.9
Matt,Targett,DEF,35,0,0,600,6,141.9,97.6,8.0,2,24.8,3,0.15,5.25
Allan,Saint-Maximin,MID,66,1,6,1109,14,344.1,266.4,370.0,4,98.2,4,0.08,5.36
Miguel,Almirón Rejala,MID,158,11,4,2487,22,424.0,599.2,849.0,15,187.5,15,0.07,5.72
Sean,Longstaff,MID,93,1,5,2514,18,372.0,385.2,408.0,2,116.8,13,0.07,3.33
Joelinton Cássio,Apolinário de Lira,MID,115,6,5,2660,26,413.1,603.4,655.0,10,167.3,11,0.41,3.89
Jamal,Lewis,DEF,2,0,0,9,1,0.8,1.0,4.0,0,0.6,0,0.0,0.0
Joe,Willock,MID,123,3,7,2556,26,547.0,520.8,680.0,11,174.9,12,0.04,4.33
Bruno,Guimarães Rodriguez Moura,MID,107,4,5,2727,25,631.8,617.6,284.0,5,153.6,12,0.23,3.53
Jeff,Hendrick,MID,0,0,0,0,0,0.0,0.0,0.0,0,0.0,0,0.0,0.0
Nick,Pope,GK,157,0,0,3261,32,20.0,709.6,0.0,14,72.9,14,0.11,4.33
Sven,Botman,DEF,129,0,2,3127,30,120.1,554.4,303.0,8,98.1,13,0.06,3.71
Elliot,Anderson,MID,30,0,1,395,7,114.7,70.2,180.0,2,36.5,1,0.0,6.84
Harrison,Ashby,DEF,0,0,0,0,0,0.0,0.0,0.0,0,0.0,0,0.0,0.0
Alexander,Isak,FWD,100,10,2,1520,20,244.1,475.0,693.0,18,141.1,4,0.18,5.92
Loris,Karius,GK,0,0,0,0,0,0.0,0.0,0.0,0,0.0,0,0.0,0.0
Garang,Kuol,MID,0,0,0,0,0,0.0,0.0,0.0,0,0.0,0,0.0,0.0
Lewis,Miley,MID,1,0,0,14,0,0.0,0.0,0.0,0,0.0,0,0.0,0.0
Mark,Gillespie,GK,0,0,0,0,0,0.0,0.0,0.0,0,0.0,0,0.0,0.0
Neco,Williams,DEF,54,1,1,1872,41,257.3,372.2,209.0,1,84.0,4,0.34,2.6
Jonjo,Shelvey,MID,16,0,0,573,11,102.1,55.6,11.0,0,16.3,1,0.31,2.51
Chris,Wood,FWD,53,3,0,807,9,82.1,145.2,169.0,7,39.3,4,0.0,5.91
Harry,Arter,MID,0,0,0,0,0,0.0,0.0,0.0,0,0.0,0,0.0,0.0
Steve,Cook,DEF,20,0,0,956,21,39.3,177.4,28.0,0,24.4,2,0.38,1.88
Lyle,Taylor,FWD,0,0,0,0,0,0.0,0.0,0.0,0,0.0,0,0.0,0.0
Jack,Colback,MID,14,0,0,492,11,33.7,62.0,2.0,0,9.9,0,0.0,2.56
Brice,Samba,GK,0,0,0,0,0,0.0,0.0,0.0,0,0.0,0,0.0,0.0
Carlos,Ribeiro Dias,MID,1,0,0,6,0,0.1,2.4,0.0,0,0.3,0,0.0,0.0
Joe,Lolley,MID,0,0,0,0,0,0.0,0.0,0.0,0,0.0,0,0.0,0.0
Scott,McKenna,DEF,40,0,0,1570,32,93.9,278.8,46.0,0,41.8,5,0.23,2.29
Mohamed,Dräger,DEF,0,0,0,0,0,0.0,0.0,0.0,0,0.0,0,0.0,0.0
Ryan,Yates,MID,53,0,3,1833,36,97.3,206.8,233.0,0,53.1,5,0.25,2.6
Joe,Worrall,DEF,61,1,0,2215,44,66.4,471.0,92.0,2,62.5,5,0.24,2.48
Jonathan,Panzo,DEF,0,0,0,0,0,0.0,0.0,0.0,0,0.0,0,0.0,0.0
Xande,Nascimento da Costa Silva,MID,0,0,0,0,0,0.0,0.0,0.0,0,0.0,0,0.0,0.0
Sam,Surridge,FWD,26,1,0,306,5,15.9,59.4,92.0,3,15.7,0,0.59,7.65
Richie,Laryea,DEF,0,0,0,0,0,0.0,0.0,0.0,0,0.0,0,0.0,0.0
Loïc,Mbe Soh,DEF,0,0,0,0,0,0.0,0.0,0.0,0,0.0,0,0.0,0.0
Brennan,Johnson,FWD,122,8,5,2930,54,373.6,478.2,729.0,15,157.4,7,0.18,3.75
Alex,Mighten,MID,1,0,0,7,0,0.3,0.0,0.0,0,0.0,0,0.0,0.0
Braian,Ojeda Rodríguez,MID,0,0,0,0,0,0.0,0.0,0.0,0,0.0,0,0.0,0.0
Taiwo,Awoniyi,FWD,100,10,1,1395,29,129.6,375.8,378.0,16,87.8,5,0.13,6.45
Dean,Henderson,GK,82,0,0,1620,31,0.0,474.4,0.0,12,47.5,6,0.11,4.56
Giulian,Biancone,DEF,2,0,0,15,1,0.0,6.8,0.0,0,0.7,0,0.0,0.0
Willy,Boly,DEF,37,0,1,684,10,11.8,145.0,24.0,7,18.3,3,0.26,4.87
Morgan,Gibbs-White,MID,145,5,12,3151,61,941.1,593.4,624.0,11,215.7,8,0.17,4.14
Moussa,Niakhaté,DEF,25,0,0,1163,22,14.8,173.4,61.0,0,24.9,2,0.08,1.93
Omar,Richards,DEF,0,0,0,0,0,0.0,0.0,0.0,0,0.0,0,0.0,0.0
Wayne,Hennessey,GK,8,0,0,271,5,0.0,62.2,0.0,0,6.3,0,0.0,2.66
Harry,Toffolo,DEF,30,0,0,933,17,93.5,147.0,67.0,1,30.6,2,0.19,2.89
Lewis,O'Brien,MID,22,1,0,578,14,56.4,107.8,47.0,0,21.1,1,0.31,3.43
Jesse,Lingard,MID,33,0,1,918,17,151.9,50.6,127.0,0,32.9,5,0.1,3.24
Orel,Mangala,MID,50,1,1,1543,24,61.6,191.4,75.0,0,32.8,5,0.17,2.92
Oliver,Hammond,MID,0,0,0,0,0,0.0,0.0,0.0,0,0.0,0,0.0,0.0
Remo,Freuler,MID,54,0,0,2157,47,174.7,272.2,54.0,0,50.3,6,0.17,2.25
Cheikhou,Kouyaté,MID,35,1,0,871,23,82.8,158.8,81.0,2,32.2,2,0.31,3.62
Emmanuel,Dennis,FWD,39,2,2,709,17,96.8,166.4,286.0,3,54.6,1,0.38,4.95
Renan Augusto,Lodi dos Santos,DEF,56,0,2,2211,48,208.2,319.0,97.0,3,62.5,5,0.28,2.28
Loïc,Badé,DEF,0,0,0,0,0,0.0,0.0,0.0,0,0.0,0,0.0,0.0
Serge,Aurier,DEF,70,1,0,1943,31,164.1,431.0,112.0,8,70.9,6,0.09,3.24
Dale,Taylor,FWD,0,0,0,0,0,0.0,0.0,0.0,0,0.0,0,0.0,0.0
Jordan,Smith,GK,0,0,0,0,0,0.0,0.0,0.0,0,0.0,0,0.0,0.0
Gustavo Henrique,Furtado Scarpa,MID,5,0,0,177,1,17.3,15.0,25.0,0,5.7,0,0.0,0.0
Danilo,dos Santos de Oliveira,MID,48,3,2,976,18,108.1,253.8,113.0,5,47.1,1,0.09,4.43
Keylor,Navas,GK,43,0,0,1530,32,0.0,387.6,0.0,5,38.7,2,0.12,2.53
Felipe Augusto,de Almeida Monteiro,DEF,25,0,1,1417,32,79.5,379.0,130.0,3,59.0,1,0.25,1.59
André,Ayew,MID,11,0,0,306,10,17.1,34.0,53.0,0,10.5,0,0.29,3.24
George,Shelvey,GK,0,0,0,0,0,0.0,0.0,0.0,0,0.0,0,0.0,0.0
Ainsley,Maitland-Niles,MID,38,0,1,1400,31,159.2,280.2,23.0,0,46.0,3,0.19,2.44
Roméo,Lavia,MID,57,1,1,2219,50,247.1,344.8,46.0,0,64.2,4,0.37,2.31
Theo,Walcott,MID,49,2,2,1123,30,159.1,164.6,199.0,1,52.1,2,0.08,3.93
Alex,McCarthy,GK,8,0,0,540,17,0.0,84.2,0.0,0,8.4,0,0.0,1.33
Oriol,Romeu Vidal,MID,2,0,0,74,4,3.8,6.2,2.0,0,1.2,0,0.0,0.0
Nathan,Redmond,MID,1,0,0,1,0,0.0,0.0,0.0,0,0.0,0,0.0,0.0
Stuart,Armstrong,MID,57,2,2,1391,34,282.8,234.2,267.0,2,78.6,1,0.39,3.69
Mohamed,Elyounoussi,MID,62,1,1,2162,45,297.2,285.0,388.0,0,96.8,2,0.17,2.58
James,Ward-Prowse,MID,142,9,4,3371,72,1162.9,880.4,319.0,18,236.3,4,0.16,3.79
Adam,Armstrong,FWD,54,2,1,1321,24,148.8,142.0,275.0,3,55.6,1,0.14,3.68
Kyle,Walker-Peters,DEF,56,1,0,2650,58,277.9,403.4,198.0,2,87.9,3,0.14,1.9
Jan,Bednarek,DEF,32,0,0,1770,40,38.4,415.0,43.0,2,49.7,3,0.25,1.63
Che,Adams,FWD,94,5,5,1987,41,336.4,340.4,583.0,9,124.6,4,0.05,4.26
Nathan,Tella,MID,0,0,0,0,0,0.0,0.0,0.0,0,0.0,0,0.0,0.0
Lyanco,Silveira Neves Vojnovic,DEF,29,1,1,1173,26,52.8,281.6,114.0,0,45.0,0,0.31,2.23
Yan,Valery,DEF,0,0,0,45,2,0.9,4.0,0.0,0,0.5,0,0.0,0.0
Will,Smallbone,MID,0,0,0,0,0,0.0,0.0,0.0,0,0.0,0,0.0,0.0
Ibrahima,Diallo,MID,19,0,0,813,19,66.0,85.4,28.0,0,17.7,0,0.44,2.1
Romain,Perraud,DEF,71,2,2,1828,35,251.8,360.6,298.0,5,90.9,4,0.2,3.5
Moussa,Djenepo,MID,27,0,2,702,14,123.2,141.8,70.0,0,33.7,0,0.13,3.46
Tino,Livramento,DEF,2,0,0,26,0,0.0,5.8,0.0,0,0.6,0,0.0,0.0
Mohammed,Salisu,DEF,33,0,1,1971,41,109.7,537.4,167.0,2,81.5,1,0.23,1.51
Mateusz,Lis,GK,0,0,0,0,0,0.0,0.0,0.0,0,0.0,0,0.0,0.0
Gavin,Bazunu,GK,84,0,0,2880,56,10.0,633.0,0.0,3,64.2,4,0.0,2.62
Armel,Bella-Kotchap,DEF,49,0,2,1881,39,76.4,422.4,105.0,5,60.6,3,0.19,2.34
Willy,Caballero,GK,0,0,0,0,0,0.0,0.0,0.0,0,0.0,0,0.0,0.0
Joe,Ayodele-Aribo,MID,46,2,0,1219,24,137.1,209.6,366.0,3,71.5,1,0.15,3.4
Sékou,Mara,FWD,32,1,2,538,10,77.5,104.8,169.0,0,33.9,0,0.17,5.35
Juan,Larios López,DEF,4,0,0,150,2,7.8,27.6,4.0,0,3.9,0,0.0,0.0
Duje,Caleta-Car,DEF,28,1,0,942,15,16.2,262.4,69.0,2,34.9,1,0.19,2.68
Samuel,Edozie,MID,23,0,0,554,9,110.3,89.2,133.0,0,33.2,1,0.0,3.74
Lewis,Payne,MID,0,0,0,0,0,0.0,0.0,0.0,0,0.0,0,0.0,0.0
Ryan,Finnigan,MID,0,0,0,0,0,0.0,0.0,0.0,0,0.0,0,0.0,0.0
Jimmy,Morgan,FWD,0,0,0,0,0,0.0,0.0,0.0,0,0.0,0,0.0,0.0
Mislav,Orsic,MID,1,0,0,6,0,0.3,2.0,0.0,0,0.2,0,0.0,0.0
Carlos,Alcaraz,MID,55,4,2,1024,25,64.4,199.0,190.0,4,45.1,0,0.26,4.83
James,Bree,DEF,4,0,0,366,12,65.3,49.2,4.0,0,11.7,0,0.25,0.98
Kamaldeen,Sulemana,MID,45,2,1,959,20,175.5,105.2,164.0,3,44.5,3,0.09,4.22
Paul,Onuachu,FWD,14,0,0,401,7,52.8,30.2,126.0,0,20.6,1,0.0,3.14
Kamari,Doyle,MID,1,0,0,6,0,0.3,0.0,0.0,0,0.0,0,0.0,0.0
Dominic,Ballard,FWD,2,0,0,24,0,0.3,1.0,0.0,0,0.1,0,0.0,0.0
Samuel,Amo-Ameyaw,MID,1,0,0,3,0,0.0,0.0,0.0,0,0.0,0,0.0,0.0
Hugo,Lloris,GK,89,0,0,2205,39,0.0,540.0,0.0,12,54.0,7,0.0,3.63
Fraser,Forster,GK,40,0,0,1215,24,0.0,256.8,0.0,1,25.8,3,0.07,2.96
Harry,Kane,FWD,263,30,9,3406,62,744.8,1256.6,1707.0,48,371.0,11,0.16,6.95
Son,Heung-min,MID,152,10,6,2886,55,829.3,709.2,910.0,8,244.7,9,0.06,4.74
Matt,Doherty,DEF,35,1,0,663,9,110.5,147.0,146.0,2,40.3,3,0.0,4.75
Eric,Dier,DEF,96,2,1,2816,52,112.3,653.2,235.0,5,100.1,9,0.1,3.07
Lucas,Rodrigues Moura da Silva,MID,17,1,0,145,5,55.8,29.0,43.0,0,12.7,0,0.0,0.0
Ben,Davies,DEF,99,2,3,2284,33,276.9,407.8,172.0,3,85.8,9,0.16,3.9
Pierre-Emile,Højbjerg,MID,120,4,5,3131,57,501.7,758.0,237.0,10,150.0,10,0.14,3.45
Harry,Winks,MID,0,0,0,0,0,0.0,0.0,0.0,0,0.0,0,0.0,0.0
Davinson,Sánchez,DEF,28,0,0,848,17,29.9,180.6,52.0,1,26.3,2,0.11,2.97
Ryan,Sessegnon,DEF,35,2,1,805,15,103.0,148.6,290.0,0,54.3,1,0.45,3.91
Steven,Bergwijn,MID,0,0,0,0,0,0.0,0.0,0.0,0,0.0,0,0.0,0.0
Sergio,Reguilón,DEF,0,0,0,0,0,0.0,0.0,0.0,0,0.0,0,0.0,0.0
Japhet,Tanganga,DEF,4,0,0,145,5,6.2,27.6,0.0,0,3.3,0,0.0,0.0
Rodrigo,Bentancur,MID,71,5,2,1501,24,180.2,489.6,236.0,7,90.7,6,0.48,4.26
Oliver,Skipp,MID,43,1,0,1489,28,146.1,198.2,52.0,1,39.8,4,0.42,2.6
Joe,Rodon,DEF,0,0,0,0,0,0.0,0.0,0.0,0,0.0,0,0.0,0.0
Cristian,Romero,DEF,66,0,2,2363,41,136.2,546.2,91.0,3,77.3,8,0.38,2.51
Yves,Bissouma,MID,27,0,0,998,20,135.0,111.0,23.0,0,26.8,1,0.54,2.43
Emerson,Leite de Souza Junior,DEF,86,2,2,1729,27,178.9,376.2,230.0,9,78.7,7,0.16,4.48
Dejan,Kulusevski,MID,96,2,7,2062,40,627.6,409.2,514.0,5,154.7,8,0.09,4.19
Dane,Scarlett,FWD,0,0,0,0,0,0.0,0.0,0.0,0,0.0,0,0.0,0.0
Ivan,Perišić,DEF,94,1,8,2099,44,732.8,517.8,394.0,6,164.2,6,0.26,4.03
Harvey,White,MID,1,0,0,4,0,7.3,2.0,0.0,0,0.9,0,0.0,0.0
Pape Matar,Sarr,MID,14,0,1,211,11,16.0,30.4,4.0,0,5.0,0,0.0,0.0
Brandon,Austin,GK,0,0,0,0,0,0.0,0.0,0.0,0,0.0,0,0.0,0.0
Alfie,Devine,MID,0,0,0,0,0,0.0,0.0,0.0,0,0.0,0,0.0,0.0
Troy,Parrott,FWD,0,0,0,0,0,0.0,0.0,0.0,0,0.0,0,0.0,0.0
Richarlison,de Andrade,FWD,54,1,5,995,18,221.0,201.6,401.0,2,82.0,3,0.27,4.88
Clément,Lenglet,DEF,63,0,2,2018,35,136.1,380.8,130.0,6,64.7,5,0.18,2.81
Djed,Spence,DEF,4,0,0,5,0,1.3,0.2,20.0,0,2.2,0,0.0,0.0
Bryan,Gil Salvatierra,MID,9,0,1,146,1,27.5,30.4,27.0,0,8.5,1,0.0,0.0
Arnaut,Danjuma,MID,15,1,0,162,5,25.1,53.2,71.0,0,14.8,0,0.0,0.0
Pedro,Porro,DEF,59,3,3,1132,26,377.9,268.6,150.0,5,79.6,2,0.0,4.69
Romaine,Mundle,MID,0,0,0,0,0,0.0,0.0,0.0,0,0.0,0,0.0,0.0
George,Abbott,MID,1,0,0,1,0,0.0,0.0,0.0,0,0.0,0,0.0,0.0
Matthew,Craig,MID,1,0,0,13,0,0.0,0.0,0.0,0,0.0,0,0.0,0.0
Yago,de Santiago Alonso,MID,0,0,0,0,0,0.0,0.0,0.0,0,0.0,0,0.0,0.0
Danny,Ings,FWD,97,8,2,1579,26,186.0,398.4,604.0,13,118.6,5,0.23,5.53
Lukasz,Fabianski,GK,127,0,0,3111,48,0.0,755.6,0.0,10,75.4,9,0.03,3.67
Angelo,Ogbonna,DEF,44,0,0,1234,19,35.2,212.8,24.0,4,27.4,4,0.0,3.21
Aaron,Cresswell,DEF,74,0,1,2235,32,632.9,411.6,81.0,8,113.0,6,0.12,2.98
Michail,Antonio,FWD,84,5,3,1822,29,207.7,305.8,559.0,4,107.0,5,0.1,4.15
Manuel,Lanzini,MID,17,1,0,243,5,21.9,50.6,37.0,1,10.8,0,0.0,0.0
Kurt,Zouma,DEF,88,2,1,1988,29,18.7,415.0,239.0,8,67.4,7,0.0,3.98
Arthur,Masuaku,DEF,0,0,0,0,0,0.0,0.0,0.0,0,0.0,0,0.0,0.0
Vladimir,Coufal,DEF,58,0,2,2135,35,330.5,361.6,54.0,2,74.9,4,0.21,2.44
Saïd,Benrahma,MID,106,6,3,2059,32,613.9,510.0,653.0,5,177.7,6,0.0,4.63
Jarrod,Bowen,MID,145,6,9,3232,50,674.8,625.8,1076.0,9,237.9,9,0.06,4.04
Nikola,Vlasic,MID,0,0,0,0,0,0.0,0.0,0.0,0,0.0,0,0.0,0.0
Declan,Rice,MID,116,4,3,3272,50,522.4,777.6,226.0,12,152.7,9,0.14,3.19
Tomas,Soucek,MID,100,2,4,2811,42,230.1,565.6,472.0,6,127.1,8,0.1,3.2
Pablo,Fornals Malla,MID,71,3,1,1493,28,281.0,226.6,182.0,6,68.7,1,0.0,4.28
Ben,Johnson,DEF,29,0,0,860,13,76.8,161.6,20.0,1,25.9,2,0.0,3.03
Nayef,Aguerd,DEF,58,2,0,1594,28,67.5,404.4,113.0,5,58.5,5,0.23,3.27
Alphonse,Areola,GK,7,0,0,307,7,0.0,69.4,0.0,0,6.8,0,0.0,2.05
Flynn,Downes,MID,27,0,0,752,14,28.9,55.8,51.0,0,13.4,1,0.24,3.23
Gianluca,Scamacca,FWD,41,3,0,921,12,160.7,151.8,312.0,7,62.0,3,0.29,4.01
Emerson,Palmieri dos Santos,DEF,39,1,0,1317,28,188.8,224.8,178.0,2,59.4,2,0.14,2.67
Conor,Coventry,MID,1,0,0,1,0,0.0,0.0,0.0,0,0.0,0,0.0,0.0
Armstrong,Oko-Flex,MID,0,0,0,0,0,0.0,0.0,0.0,0,0.0,0,0.0,0.0
Maxwel,Cornet,MID,14,0,0,232,5,28.7,27.2,62.0,0,11.3,0,0.0,0.0
Thilo,Kehrer,DEF,67,0,3,2229,34,126.2,347.6,83.0,4,56.0,5,0.16,2.71
Lucas,Tolentino Coelho de Lima,MID,98,4,5,2154,39,446.5,496.8,473.0,8,142.0,6,0.21,4.09
Divin,Mubama,FWD,3,0,0,36,0,11.4,2.4,0.0,0,1.4,0,0.0,0.0
Joseph,Anang,GK,0,0,0,0,0,0.0,0.0,0.0,0,0.0,0,0.0,0.0
Krisztián,Hegyi,GK,0,0,0,0,0,0.0,0.0,0.0,0,0.0,0,0.0,0.0
Kaelan,Casey,DEF,0,0,0,0,0,0.0,0.0,0.0,0,0.0,0,0.0,0.0
Craig,Dawson,DEF,75,1,1,2134,31,37.2,455.6,145.0,7,64.0,7,0.25,3.16
Raúl,Jiménez,FWD,29,0,2,839,18,116.0,74.6,273.0,0,46.3,2,0.0,3.11
Jonathan,Castro Otto,DEF,45,1,0,1257,21,118.2,233.2,83.0,0,43.7,5,0.29,3.22
José,Malheiro de Sá,GK,148,0,0,3240,55,0.0,845.6,0.0,18,84.7,11,0.06,4.11
Rúben,da Silva Neves,MID,118,6,2,3020,48,474.7,788.8,347.0,16,161.0,10,0.36,3.52
Hwang,Hee-chan,MID,60,3,2,1117,18,138.8,194.0,242.0,3,57.5,3,0.08,4.83
Nélson,Cabral Semedo,DEF,75,0,1,2633,43,226.5,443.4,79.0,5,74.4,8,0.41,2.56
Daniel,Castelo Podence,MID,92,6,1,1760,31,512.8,376.0,580.0,10,146.8,6,0.26,4.7
Max,Kilman,DEF,109,0,1,3307,56,66.9,739.8,106.0,12,91.6,11,0.08,2.97
Luke,Cundle,MID,0,0,0,0,0,0.0,0.0,0.0,0,0.0,0,0.0,0.0
Pedro,Lomba Neto,MID,37,0,2,962,15,309.5,96.8,203.0,0,60.9,5,0.09,3.46
Rayan,Aït-Nouri,DEF,41,1,0,1067,18,130.5,195.0,156.0,0,48.3,4,0.34,3.46
Fabio,Silva,FWD,0,0,0,0,0,0.0,0.0,0.0,0,0.0,0,0.0,0.0
Toti António,Gomes,DEF,43,1,0,978,14,74.3,225.2,65.0,4,36.5,4,0.55,3.96
Francisco Jorge,Tomás Oliveira,MID,0,0,0,0,0,0.0,0.0,0.0,0,0.0,0,0.0,0.0
Adama,Traoré Diarra,MID,66,2,4,1477,30,370.0,253.6,258.0,0,87.9,2,0.12,4.02
Matija,Šarkić,GK,0,0,0,0,0,0.0,0.0,0.0,0,0.0,0,0.0,0.0
Yerson,Mosquera Valdelamar,DEF,0,0,0,0,0,0.0,0.0,0.0,0,0.0,0,0.0,0.0
João Filipe Iria,Santos Moutinho,MID,56,0,2,1773,28,537.7,309.8,142.0,0,99.2,6,0.15,2.84
Nathan,Collins,DEF,49,0,0,1811,37,37.9,419.0,29.0,6,48.9,4,0.15,2.44
Jackson,Smith,GK,0,0,0,0,0,0.0,0.0,0.0,0,0.0,0,0.0,0.0
Hugo,Bueno López,DEF,41,0,1,1307,29,254.8,221.2,74.0,3,55.3,3,0.07,2.82
Joseph,Hodge,MID,5,0,0,172,5,16.2,14.4,26.0,0,5.7,0,0.0,0.0
Connor,Ronan,MID,1,0,0,1,0,0.4,0.6,0.0,0,0.1,0,0.0,0.0
Chem,Campbell,MID,5,0,0,68,2,3.0,5.6,16.0,0,2.4,0,0.0,0.0
Gonçalo Manuel,Ganchinho Guedes,MID,29,1,1,703,12,139.6,89.4,223.0,1,45.1,2,0.13,3.71
Matheus Luiz,Nunes,MID,80,1,1,2467,38,405.0,370.2,310.0,5,108.6,11,0.11,2.92
Sasa,Kalajdzic,FWD,1,0,0,45,0,0.0,0.0,9.0,0,0.7,0,0.0,0.0
Diego,Da Silva Costa,FWD,33,1,0,1235,17,144.3,96.8,504.0,3,73.3,6,0.44,2.4
Boubacar,Traoré,MID,14,0,1,405,9,16.6,49.6,7.0,0,7.4,0,0.44,3.11
Nathan,Fraser,FWD,0,0,0,0,0,0.0,0.0,0.0,0,0.0,0,0.0,0.0
Harvey,Griffiths,MID,0,0,0,0,0,0.0,0.0,0.0,0,0.0,0,0.0,0.0
Dexter,Lembikisa,DEF,1,0,0,22,1,0.8,1.4,0.0,0,0.2,0,0.0,0.0
Matheus,Santos Carneiro Da Cunha,FWD,39,2,0,961,12,95.1,143.0,217.0,6,45.1,5,0.09,3.65
Mario,Lemina,MID,35,0,1,1297,28,65.0,200.4,36.0,0,30.1,5,0.21,2.43
Pablo,Sarabia,MID,27,1,0,764,9,184.7,92.0,157.0,3,43.0,3,0.35,3.18
Daniel,Bentley,GK,6,0,0,180,3,0.0,70.2,0.0,0,7.0,0,0.0,0.0
João Victor,Gomes da Silva,MID,21,1,0,649,18,72.0,133.0,46.0,2,24.9,2,0.69,2.91
